10,1,1,0.391447,0.060154,0.257204,0.004047,0.28427,0.002878
10,1,2,0.275008,0.345441,0.164351,0.014183,0.193735,0.007282
10,1,3,0.098577,0.680581,0.087625,0.027305,0.092217,0.013695
10,1,4,0.024689,0.872875,0.025106,0.034925,0.024935,0.017471
10,1,5,0.010181,0.906933,0.010133,0.041145,0.010151,0.021457
10,1,6,0.030862,0.849992,0.0308,0.037383,0.030823,0.020141
25,2,1,0.205968,0.406977,0.17741,0.01792,0.181911,0.009815
25,2,2,0.197718,0.607458,0.068873,0.024664,0.088763,0.012523
25,2,3,0.35875,0.388002,0.090881,0.015602,0.138922,0.007843
25,2,4,0.413273,0.263221,0.126146,0.010551,0.181523,0.005287
25,2,5,0.425967,0.228277,0.137186,0.009139,0.194858,0.004574
25,2,6,0.417148,0.217559,0.146767,0.008705,0.205465,0.004354
25,2,7,0.361044,0.273377,0.149905,0.010936,0.199269,0.005469
25,2,8,0.293273,0.355406,0.145413,0.014217,0.184583,0.007109
25,2,9,0.231644,0.443454,0.135673,0.017738,0.162621,0.008869
25,2,10,0.17096,0.557231,0.111532,0.022289,0.126843,0.011145
25,2,11,0.135723,0.619625,0.09863,0.024785,0.108845,0.012393
25,2,12,0.096306,0.688838,0.082476,0.031745,0.087678,0.012957
25,2,13,0.043188,0.827339,0.037504,0.03942,0.037994,0.014555
27,2,1,0.170928,0.456509,0.170928,0.019901,0.170928,0.010805
27,2,2,0.038139,0.834756,0.038139,0.033756,0.038139,0.017069
27,2,3,0.00851,0.919155,0.00851,0.036848,0.00851,0.018467
27,2,4,0.002318,0.936795,0.002318,0.037494,0.002318,0.018759
27,2,5,0.000853,0.940968,0.000853,0.037647,0.000853,0.018828
27,2,6,0.000314,0.942503,0.000314,0.037703,0.000314,0.018853
27,2,7,0.000118,0.943064,0.000116,0.037724,0.000116,0.018862
27,2,8,0.000075,0.943232,0.000048,0.03773,0.000051,0.018865
27,2,9,0.000052,0.943294,0.000026,0.037732,0.00003,0.018866
27,2,10,0.000024,0.943345,0.000012,0.037736,0.000014,0.018868
27,2,11,0.000016,0.943359,0.000005,0.037743,0.000006,0.018871
27,2,12,0.049267,0.826369,0.036179,0.033063,0.038592,0.016529
29,2,1,0.170928,0.456509,0.170928,0.019901,0.170928,0.010805
29,2,2,0.038139,0.834756,0.038139,0.033756,0.038139,0.017069
29,2,3,0.00851,0.919155,0.00851,0.036848,0.00851,0.018467
29,2,4,0.002318,0.936795,0.002318,0.037494,0.002318,0.018759
29,2,5,0.000853,0.940968,0.000853,0.037647,0.000853,0.018828
29,2,6,0.000314,0.942503,0.000314,0.037703,0.000314,0.018853
29,2,7,0.000115,0.943068,0.000115,0.037724,0.000115,0.018862
29,2,8,0.000042,0.943275,0.000042,0.037731,0.000042,0.018866
29,2,9,0.000016,0.943347,0.000016,0.037737,0.000016,0.018869
29,2,10,0.000006,0.943367,0.000006,0.037744,0.000006,0.018872
29,2,11,0.011506,0.926172,0.00253,0.037057,0.004207,0.018528
29,2,12,0.107352,0.7464,0.04274,0.029786,0.058968,0.014755
36,2,1,0.170929,0.456507,0.170929,0.019901,0.170929,0.010805
36,2,2,0.038145,0.834747,0.038141,0.033756,0.038142,0.017069
36,2,3,0.008536,0.919119,0.008515,0.036846,0.008518,0.018466
36,2,4,0.004968,0.932997,0.002786,0.037342,0.003223,0.018683
36,2,5,0.018746,0.910235,0.006964,0.036418,0.009425,0.018213
36,2,6,0.035809,0.883349,0.011155,0.035337,0.016681,0.01767
36,2,7,0.060201,0.841312,0.020196,0.033654,0.027811,0.016827
36,2,8,0.127322,0.736616,0.037739,0.029465,0.054126,0.014733
36,2,9,0.176331,0.64851,0.056596,0.025941,0.079653,0.01297
36,2,10,0.173332,0.638393,0.062736,0.025536,0.087234,0.012768
36,2,11,0.156209,0.660471,0.060797,0.026419,0.082894,0.013209
36,2,12,0.147693,0.665015,0.063675,0.026602,0.083713,0.013301
44,2,1,0.170928,0.456509,0.170928,0.019901,0.170928,0.010805
44,2,2,0.038139,0.834757,0.038139,0.033756,0.038139,0.017069
44,2,3,0.00851,0.919155,0.00851,0.036848,0.00851,0.018467
44,2,4,0.002318,0.936795,0.002318,0.037494,0.002318,0.018759
44,2,5,0.000853,0.940968,0.000853,0.037647,0.000853,0.018828
44,2,6,0.000314,0.942503,0.000314,0.037703,0.000314,0.018853
44,2,7,0.000116,0.943064,0.000115,0.037726,0.000116,0.018864
44,2,8,0.000159,0.943124,0.000047,0.037742,0.000056,0.018872
44,2,9,0.031761,0.89607,0.006895,0.035857,0.011489,0.017929
44,2,10,0.115452,0.728754,0.048009,0.028387,0.065008,0.014391
44,2,11,0.122685,0.670354,0.082429,0.019996,0.095191,0.009344
44,2,12,0.093102,0.726449,0.076956,0.01534,0.082442,0.005709
21,3,1,0.170928,0.456509,0.170928,0.019901,0.170928,0.010805
21,3,2,0.038139,0.834756,0.038139,0.033756,0.038139,0.017069
21,3,3,0.00851,0.919155,0.00851,0.036848,0.00851,0.018467
21,3,4,0.002318,0.936795,0.002318,0.037494,0.002318,0.018759
21,3,5,0.000853,0.940968,0.000853,0.037647,0.000853,0.018828
21,3,6,0.000314,0.942503,0.000314,0.037703,0.000314,0.018853
21,3,7,0.000118,0.943064,0.000116,0.037724,0.000116,0.018862
21,3,8,0.000054,0.943259,0.000045,0.037731,0.000046,0.018866
21,3,9,0.000057,0.943289,0.000026,0.037731,0.00003,0.018867
21,3,10,0.003487,0.939826,0.000085,0.037597,0.000204,0.018801
21,3,11,0.013051,0.927846,0.00077,0.037122,0.002649,0.018562
21,3,12,0.011726,0.927425,0.001619,0.036863,0.00373,0.018636
21,3,13,0.10498,0.788306,0.026145,0.026694,0.04002,0.013854
21,3,14,0.270543,0.4931,0.089787,0.011692,0.128371,0.006506
21,3,15,0.253491,0.453347,0.129859,0.002223,0.159358,0.001723
21,3,16,0.150486,0.647168,0.093506,0.000183,0.108463,0.000194
31,3,1,0.170928,0.456509,0.170928,0.019901,0.170928,0.010805
31,3,2,0.038139,0.834756,0.038139,0.033756,0.038139,0.017069
31,3,3,0.00851,0.919155,0.00851,0.036848,0.00851,0.018467
31,3,4,0.002318,0.936795,0.002318,0.037494,0.002318,0.018759
31,3,5,0.000853,0.940968,0.000853,0.037647,0.000853,0.018828
31,3,6,0.000314,0.942503,0.000314,0.037703,0.000314,0.018853
31,3,7,0.000115,0.943068,0.000115,0.037724,0.000115,0.018862
31,3,8,0.000042,0.943274,0.000042,0.037732,0.000042,0.018867
31,3,9,0.000016,0.943337,0.000016,0.037743,0.000016,0.018873
31,3,10,0.000007,0.943362,0.000006,0.037746,0.000006,0.018874
31,3,11,0.125393,0.780132,0.016101,0.031211,0.031558,0.015606
31,3,12,0.395815,0.356825,0.084445,0.014275,0.141502,0.007138
31,3,13,0.457717,0.16283,0.149274,0.006514,0.220408,0.003257
31,3,14,0.44564,0.088542,0.196386,0.003542,0.264119,0.001771
31,3,15,0.38814,0.094913,0.229479,0.002763,0.283037,0.001668
31,3,16,0.257114,0.332144,0.188285,0.004196,0.216229,0.002032
32,3,1,0.170928,0.456509,0.170928,0.019901,0.170928,0.010805
32,3,2,0.038139,0.834756,0.038139,0.033756,0.038139,0.017069
32,3,3,0.00851,0.919155,0.00851,0.036848,0.00851,0.018467
32,3,4,0.002318,0.936795,0.002318,0.037494,0.002318,0.018759
32,3,5,0.000853,0.940968,0.000853,0.037647,0.000853,0.018828
32,3,6,0.000314,0.942503,0.000314,0.037703,0.000314,0.018853
32,3,7,0.000115,0.943068,0.000115,0.037724,0.000115,0.018862
32,3,8,0.000042,0.943273,0.000042,0.037732,0.000042,0.018867
32,3,9,0.000016,0.943336,0.000016,0.037744,0.000016,0.018873
32,3,10,0.000006,0.943362,0.000006,0.037747,0.000006,0.018874
32,3,11,0.046824,0.883791,0.006216,0.033931,0.012079,0.017159
32,3,12,0.167296,0.710716,0.037354,0.015967,0.061821,0.006848
35,3,1,0.170928,0.456509,0.170928,0.019901,0.170928,0.010805
35,3,2,0.038139,0.834756,0.038139,0.033756,0.038139,0.017069
35,3,3,0.00851,0.919155,0.00851,0.036848,0.00851,0.018467
35,3,4,0.002318,0.936795,0.002318,0.037494,0.002318,0.018759
35,3,5,0.000853,0.940968,0.000853,0.037647,0.000853,0.018828
35,3,6,0.000314,0.942503,0.000314,0.037703,0.000314,0.018853
35,3,7,0.000115,0.943068,0.000115,0.037724,0.000115,0.018862
35,3,8,0.000634,0.942658,0.000063,0.037707,0.000084,0.018854
35,3,9,0.057498,0.871045,0.005856,0.034847,0.013329,0.017425
35,3,10,0.075932,0.81977,0.022264,0.032801,0.032832,0.016402
35,3,11,0.045704,0.848065,0.025274,0.033865,0.030034,0.017058
35,3,12,0.016519,0.913642,0.009822,0.031917,0.01151,0.01659
35,3,13,0.005864,0.948823,0.003576,0.025762,0.004169,0.011805
37,3,1,0.170932,0.456502,0.17093,0.019901,0.17093,0.010805
37,3,2,0.038161,0.834715,0.038149,0.033755,0.038152,0.017068
37,3,3,0.008572,0.919073,0.00852,0.036845,0.008525,0.018465
37,3,4,0.002694,0.936288,0.002376,0.037474,0.00242,0.018748
37,3,5,0.004762,0.936772,0.00105,0.037479,0.001193,0.018744
37,3,6,0.008829,0.930949,0.00155,0.037241,0.002809,0.018622
37,3,7,0.016152,0.91976,0.003545,0.036791,0.005355,0.018396
37,3,8,0.133024,0.738061,0.033149,0.029523,0.051481,0.014762
37,3,9,0.315946,0.403166,0.106837,0.016127,0.149861,0.008063
37,3,10,0.392652,0.214872,0.164046,0.008595,0.215537,0.004297
37,3,11,0.387578,0.143948,0.207591,0.005759,0.252245,0.00288
37,3,12,0.32523,0.25369,0.184602,0.010152,0.221249,0.005077
37,3,13,0.28884,0.329823,0.164383,0.013198,0.197157,0.006599
37,3,14,0.267389,0.369543,0.155839,0.014322,0.185576,0.00733
37,3,15,0.25782,0.383547,0.157888,0.010647,0.185156,0.004943
37,3,16,0.234438,0.410689,0.161114,0.008318,0.18329,0.002152
39,3,1,0.170928,0.456509,0.170928,0.019901,0.170928,0.010805
39,3,2,0.03814,0.834756,0.038139,0.033756,0.038139,0.017069
39,3,3,0.00851,0.919155,0.00851,0.036848,0.00851,0.018466
39,3,4,0.002318,0.936794,0.002318,0.037494,0.002318,0.018759
39,3,5,0.000853,0.940967,0.000853,0.037647,0.000853,0.018828
39,3,6,0.000333,0.942484,0.000314,0.037702,0.000315,0.018853
39,3,7,0.006211,0.936355,0.000335,0.037455,0.000915,0.018728
39,3,8,0.153155,0.750739,0.015886,0.03003,0.035175,0.015015
39,3,9,0.373234,0.432878,0.05875,0.017316,0.109164,0.008659
39,3,10,0.43074,0.29807,0.0972,0.011924,0.156102,0.005963
39,3,11,0.388052,0.321759,0.109686,0.012874,0.16119,0.006438
39,3,12,0.336837,0.376693,0.108445,0.014711,0.155841,0.007473
39,3,13,0.291587,0.411516,0.117978,0.012996,0.159759,0.006164
39,3,14,0.226423,0.486016,0.119202,0.013564,0.148736,0.006059
39,3,15,0.189677,0.51031,0.131087,0.013594,0.149542,0.00579
45,3,1,0.170928,0.456509,0.170928,0.019901,0.170928,0.010805
45,3,2,0.038139,0.834757,0.038139,0.033756,0.038139,0.017069
45,3,3,0.00851,0.919155,0.00851,0.036848,0.00851,0.018467
45,3,4,0.002318,0.936795,0.002318,0.037494,0.002318,0.018759
45,3,5,0.000853,0.940968,0.000853,0.037647,0.000853,0.018828
45,3,6,0.000314,0.942503,0.000314,0.037703,0.000314,0.018853
45,3,7,0.000115,0.943054,0.000115,0.037731,0.000115,0.018869
45,3,8,0.000044,0.943253,0.000043,0.037744,0.000043,0.018873
45,3,9,0.029411,0.910417,0.001218,0.035871,0.00496,0.018123
45,3,10,0.23767,0.666527,0.016877,0.020962,0.047624,0.01034
45,3,11,0.331087,0.444082,0.067506,0.009628,0.144105,0.003592
45,3,12,0.249262,0.40923,0.140463,0.005722,0.194557,0.000765
1,4,1,0.170928,0.456509,0.170928,0.019901,0.170928,0.010805
1,4,2,0.038139,0.834757,0.038139,0.033756,0.038139,0.017069
1,4,3,0.00851,0.919155,0.00851,0.036848,0.00851,0.018467
1,4,4,0.002318,0.936795,0.002318,0.037494,0.002318,0.018759
1,4,5,0.000853,0.940968,0.000853,0.037647,0.000853,0.018828
1,4,6,0.000314,0.942503,0.000314,0.037702,0.000314,0.018854
1,4,7,0.000115,0.943059,0.000115,0.037729,0.000115,0.018866
1,4,8,0.000042,0.94326,0.000042,0.037741,0.000042,0.018872
1,4,9,0.000016,0.978568,0.000016,0.015102,0.000016,0.006283
1,4,10,0.000007,0.999967,0.000007,0.000012,0.000007,0
2,4,1,0.170928,0.456509,0.170928,0.019901,0.170928,0.010805
2,4,2,0.038139,0.834757,0.038139,0.033756,0.038139,0.017069
2,4,3,0.00851,0.919155,0.00851,0.036848,0.00851,0.018467
2,4,4,0.002318,0.936795,0.002318,0.037494,0.002318,0.018759
2,4,5,0.000853,0.940968,0.000853,0.037647,0.000853,0.018828
2,4,6,0.000314,0.942503,0.000314,0.037702,0.000314,0.018853
2,4,7,0.000115,0.943059,0.000115,0.037729,0.000115,0.018866
2,4,8,0.000042,0.943259,0.000042,0.037742,0.000042,0.018872
2,4,9,0.000016,0.974933,0.000016,0.017388,0.000016,0.007632
2,4,10,0.000007,0.999977,0.000007,0.000003,0.000007,0
4,4,1,0.170928,0.456509,0.170928,0.019901,0.170928,0.010805
4,4,2,0.038139,0.834757,0.038139,0.033756,0.038139,0.017069
4,4,3,0.00851,0.919155,0.00851,0.036848,0.00851,0.018467
4,4,4,0.002318,0.936795,0.002318,0.037494,0.002318,0.018759
4,4,5,0.000853,0.940968,0.000853,0.037647,0.000853,0.018828
4,4,6,0.000314,0.942503,0.000314,0.037703,0.000314,0.018853
4,4,7,0.000115,0.943063,0.000115,0.037725,0.000115,0.018866
4,4,8,0.000042,0.943261,0.000042,0.037741,0.000042,0.018871
4,4,9,0.000017,0.953081,0.000016,0.031272,0.000016,0.015599
4,4,10,0.001478,0.995608,0.000035,0.002366,0.000116,0.000397
24,4,1,0.170929,0.456508,0.170928,0.019901,0.170929,0.010805
24,4,2,0.038143,0.83475,0.038141,0.033756,0.038141,0.017069
24,4,3,0.008514,0.919147,0.008512,0.036848,0.008513,0.018466
24,4,4,0.002322,0.936787,0.002319,0.037494,0.00232,0.018758
24,4,5,0.000858,0.94096,0.000854,0.037647,0.000854,0.018828
24,4,6,0.000391,0.94241,0.00032,0.037699,0.000328,0.018851
24,4,7,0.000741,0.942179,0.000234,0.037688,0.000314,0.018845
24,4,8,0.003342,0.938836,0.00062,0.037554,0.000871,0.018777
24,4,9,0.031864,0.89966,0.005413,0.035989,0.009077,0.017996
24,4,10,0.075311,0.809951,0.028003,0.032402,0.03813,0.016203
24,4,11,0.101252,0.746259,0.047472,0.029859,0.060229,0.01493
24,4,12,0.121957,0.716438,0.061715,0.015967,0.076638,0.007285
24,4,13,0.125776,0.712404,0.072174,0.002073,0.086539,0.001033
35,4,1,0.170928,0.456509,0.170928,0.019901,0.170928,0.010805
35,4,2,0.038139,0.834756,0.038139,0.033756,0.038139,0.017069
35,4,3,0.00851,0.919155,0.00851,0.036848,0.00851,0.018467
35,4,4,0.002318,0.936795,0.002318,0.037494,0.002318,0.018759
35,4,5,0.000853,0.940968,0.000853,0.037647,0.000853,0.018828
35,4,6,0.000314,0.942503,0.000314,0.037703,0.000314,0.018853
35,4,7,0.000115,0.943068,0.000115,0.037724,0.000115,0.018862
35,4,8,0.000084,0.943226,0.000044,0.037731,0.000047,0.018868
35,4,9,0.000078,0.943266,0.000019,0.037742,0.000023,0.018873
35,4,10,0.000161,0.943214,0.000009,0.037704,0.000018,0.018894
35,4,11,0.000382,0.955206,0.000021,0.029735,0.000053,0.014603
35,4,12,0.000155,0.980787,0.00001,0.015213,0.000024,0.003811
39,4,1,0.170928,0.456509,0.170928,0.019901,0.170928,0.010805
39,4,2,0.038139,0.834756,0.038139,0.033756,0.038139,0.017069
39,4,3,0.00851,0.919155,0.00851,0.036848,0.00851,0.018467
39,4,4,0.002318,0.936795,0.002318,0.037494,0.002318,0.018759
39,4,5,0.000853,0.940968,0.000853,0.037647,0.000853,0.018828
39,4,6,0.000314,0.942503,0.000314,0.037703,0.000314,0.018853
39,4,7,0.000115,0.943067,0.000115,0.037724,0.000115,0.018863
39,4,8,0.002596,0.939862,0.000428,0.037599,0.000712,0.018803
39,4,9,0.005515,0.93647,0.000558,0.037472,0.001247,0.018738
39,4,10,0.015748,0.91213,0.007599,0.036315,0.009925,0.018283
39,4,11,0.004958,0.94288,0.005533,0.027889,0.005456,0.013284
39,4,12,0.014407,0.961357,0.003024,0.013692,0.004411,0.003109
41,4,1,0.170928,0.456509,0.170928,0.019901,0.170928,0.010805
41,4,2,0.038139,0.834757,0.038139,0.033756,0.038139,0.017069
41,4,3,0.00851,0.919155,0.00851,0.036848,0.00851,0.018467
41,4,4,0.002318,0.936795,0.002318,0.037494,0.002318,0.018759
41,4,5,0.000853,0.940968,0.000853,0.037647,0.000853,0.018828
41,4,6,0.000314,0.942503,0.000314,0.037703,0.000314,0.018853
41,4,7,0.000115,0.943067,0.000115,0.037723,0.000115,0.018863
41,4,8,0.000051,0.943248,0.000042,0.037742,0.000043,0.018874
41,4,9,0.023492,0.914701,0.002109,0.036601,0.004795,0.018302
41,4,10,0.12799,0.753936,0.027698,0.029593,0.045826,0.014958
41,4,11,0.140378,0.690713,0.058666,0.021279,0.078736,0.010229
41,4,12,0.215199,0.594528,0.073074,0.012953,0.099087,0.005159
41,4,13,0.330331,0.411902,0.101836,0.006674,0.147504,0.001753
41,4,14,0.370174,0.279135,0.146406,0.003717,0.199965,0.000603
41,4,15,0.360398,0.248324,0.170469,0.002947,0.217663,0.000198
47,4,1,0.170928,0.456509,0.170928,0.019901,0.170928,0.010805
47,4,2,0.038139,0.834757,0.038139,0.033756,0.038139,0.017069
47,4,3,0.00851,0.919155,0.00851,0.036848,0.00851,0.018467
47,4,4,0.002318,0.936795,0.002318,0.037494,0.002318,0.018759
47,4,5,0.000853,0.940968,0.000853,0.037647,0.000853,0.018828
47,4,6,0.000314,0.942503,0.000314,0.037702,0.000314,0.018854
47,4,7,0.000115,0.943046,0.000115,0.037737,0.000115,0.018871
47,4,8,0.000043,0.943257,0.000042,0.037743,0.000042,0.018873
47,4,9,0.000016,0.958904,0.000016,0.028058,0.000016,0.012991
47,4,10,0.000008,0.984605,0.000006,0.013883,0.000006,0.001492
18,5,1,0.170928,0.456509,0.170928,0.019901,0.170928,0.010805
18,5,2,0.038139,0.834757,0.038139,0.033756,0.038139,0.017069
18,5,3,0.00851,0.919155,0.00851,0.036848,0.00851,0.018467
18,5,4,0.002318,0.936795,0.002318,0.037494,0.002318,0.018759
18,5,5,0.000853,0.940968,0.000853,0.037647,0.000853,0.018828
18,5,6,0.000314,0.942503,0.000314,0.037703,0.000314,0.018853
18,5,7,0.000115,0.943067,0.000115,0.037724,0.000115,0.018863
18,5,8,0.000042,0.943269,0.000042,0.037734,0.000042,0.018869
18,5,9,0.000016,0.943339,0.000016,0.037742,0.000016,0.018872
18,5,10,0.000006,0.945705,0.000006,0.036106,0.000006,0.018172
18,5,11,0.026254,0.953986,0.001904,0.010282,0.004403,0.003171
18,5,12,0.174561,0.751911,0.02547,0.000424,0.047634,0
21,5,1,0.170928,0.456509,0.170928,0.019901,0.170928,0.010805
21,5,2,0.038139,0.834757,0.038139,0.033756,0.038139,0.017069
21,5,3,0.00851,0.919155,0.00851,0.036848,0.00851,0.018467
21,5,4,0.002318,0.936795,0.002318,0.037494,0.002318,0.018759
21,5,5,0.000853,0.940968,0.000853,0.037647,0.000853,0.018828
21,5,6,0.000314,0.942503,0.000314,0.037703,0.000314,0.018853
21,5,7,0.000115,0.943068,0.000115,0.037724,0.000115,0.018862
21,5,8,0.000042,0.943274,0.000042,0.037731,0.000042,0.018868
21,5,9,0.000016,0.943342,0.000016,0.03774,0.000016,0.018872
21,5,10,0.000006,0.943369,0.000006,0.037731,0.000006,0.018882
21,5,11,0.000002,0.967282,0.000002,0.022717,0.000002,0.009995
21,5,12,0.000102,0.998051,0.000013,0.0017,0.000026,0.000107
35,5,1,0.170928,0.456509,0.170928,0.019901,0.170928,0.010805
35,5,2,0.038139,0.834757,0.038139,0.033756,0.038139,0.017069
35,5,3,0.00851,0.919155,0.00851,0.036848,0.00851,0.018467
35,5,4,0.002318,0.936795,0.002318,0.037494,0.002318,0.018759
35,5,5,0.000853,0.940968,0.000853,0.037647,0.000853,0.018828
35,5,6,0.000314,0.942503,0.000314,0.037703,0.000314,0.018853
35,5,7,0.000115,0.943067,0.000115,0.037724,0.000115,0.018863
35,5,8,0.000042,0.943261,0.000042,0.03774,0.000042,0.018872
35,5,9,0.000016,0.943334,0.000016,0.037746,0.000016,0.018874
35,5,10,0.000007,0.948985,0.000006,0.03395,0.000006,0.017047
35,5,11,0.000003,0.978608,0.000002,0.01644,0.000002,0.004945
36,5,1,0.170928,0.456509,0.170928,0.019901,0.170928,0.010805
36,5,2,0.038139,0.834757,0.038139,0.033756,0.038139,0.017069
36,5,3,0.00851,0.919155,0.00851,0.036848,0.00851,0.018467
36,5,4,0.002318,0.936795,0.002318,0.037494,0.002318,0.018759
36,5,5,0.000853,0.940968,0.000853,0.037647,0.000853,0.018828
36,5,6,0.000314,0.942503,0.000314,0.037703,0.000314,0.018853
36,5,7,0.000115,0.943067,0.000115,0.037724,0.000115,0.018863
36,5,8,0.000042,0.943262,0.000042,0.037738,0.000042,0.018873
36,5,9,0.000016,0.943334,0.000016,0.037745,0.000016,0.018874
36,5,10,0.000037,0.950564,0.000007,0.033012,0.00001,0.016369
36,5,11,0.000032,0.98351,0.000004,0.012928,0.000007,0.003518
29,6,1,0.170928,0.456509,0.170928,0.019901,0.170928,0.010805
29,6,2,0.038139,0.834757,0.038139,0.033756,0.038139,0.017069
29,6,3,0.00851,0.919155,0.00851,0.036848,0.00851,0.018467
29,6,4,0.002318,0.936795,0.002318,0.037494,0.002318,0.018759
29,6,5,0.000853,0.940968,0.000853,0.037647,0.000853,0.018828
29,6,6,0.000314,0.942503,0.000314,0.037703,0.000314,0.018853
29,6,7,0.000115,0.943066,0.000115,0.037724,0.000115,0.018863
29,6,8,0.000042,0.943263,0.000042,0.037738,0.000042,0.018871
29,6,9,0.000016,0.943336,0.000016,0.037744,0.000016,0.018873
29,6,10,0.000006,0.959187,0.000006,0.027753,0.000006,0.013043
29,6,11,0.000002,0.994034,0.000002,0.005224,0.000002,0.000734
30,6,1,0.170928,0.456509,0.170928,0.019901,0.170928,0.010805
30,6,2,0.038139,0.834757,0.038139,0.033756,0.038139,0.017069
30,6,3,0.00851,0.919155,0.00851,0.036848,0.00851,0.018467
30,6,4,0.002318,0.936795,0.002318,0.037494,0.002318,0.018759
30,6,5,0.000853,0.940968,0.000853,0.037647,0.000853,0.018828
30,6,6,0.000314,0.942503,0.000314,0.037703,0.000314,0.018853
30,6,7,0.000115,0.943066,0.000115,0.037724,0.000115,0.018864
30,6,8,0.000042,0.943262,0.000042,0.037739,0.000042,0.018872
30,6,9,0.000016,0.943337,0.000016,0.03774,0.000016,0.018876
30,6,10,0.000006,0.962175,0.000006,0.025973,0.000006,0.011834
30,6,11,0.000003,0.994741,0.000003,0.004767,0.000003,0.000484
17,7,1,0.170928,0.456509,0.170928,0.019901,0.170928,0.010805
17,7,2,0.038139,0.834757,0.038139,0.033756,0.038139,0.017069
17,7,3,0.00851,0.919155,0.00851,0.036848,0.00851,0.018467
17,7,4,0.002318,0.936795,0.002318,0.037494,0.002318,0.018759
17,7,5,0.000853,0.940968,0.000853,0.037647,0.000853,0.018828
17,7,6,0.000314,0.942503,0.000314,0.037703,0.000314,0.018853
17,7,7,0.000115,0.943064,0.000115,0.037725,0.000115,0.018865
17,7,8,0.000042,0.943263,0.000042,0.037739,0.000042,0.018871
17,7,9,0.000016,0.951748,0.000016,0.032288,0.000016,0.015918
17,7,10,0.000006,0.994646,0.000006,0.004528,0.000006,0.000808
22,7,1,0.170928,0.456509,0.170928,0.019901,0.170928,0.010805
22,7,2,0.038139,0.834757,0.038139,0.033756,0.038139,0.017069
22,7,3,0.00851,0.919155,0.00851,0.036848,0.00851,0.018467
22,7,4,0.002318,0.936795,0.002318,0.037494,0.002318,0.018759
22,7,5,0.000853,0.940968,0.000853,0.037647,0.000853,0.018828
22,7,6,0.000314,0.942503,0.000314,0.037703,0.000314,0.018853
22,7,7,0.000115,0.943063,0.000115,0.037726,0.000115,0.018865
22,7,8,0.000042,0.943262,0.000042,0.03774,0.000042,0.018871
22,7,9,0.000016,0.945931,0.000016,0.03599,0.000016,0.018032
22,7,10,0.000006,0.984723,0.000006,0.011627,0.000006,0.003633
33,7,1,0.170928,0.456509,0.170928,0.019901,0.170928,0.010805
33,7,2,0.038139,0.834757,0.038139,0.033756,0.038139,0.017069
33,7,3,0.00851,0.919155,0.00851,0.036848,0.00851,0.018467
33,7,4,0.002318,0.936795,0.002318,0.037494,0.002318,0.018759
33,7,5,0.000853,0.940968,0.000853,0.037647,0.000853,0.018828
33,7,6,0.000314,0.942503,0.000314,0.037703,0.000314,0.018853
33,7,7,0.000115,0.943058,0.000115,0.037729,0.000115,0.018867
33,7,8,0.000042,0.943259,0.000042,0.037742,0.000042,0.018872
33,7,9,0.000016,0.953413,0.000016,0.0313,0.000016,0.01524
33,7,10,0.000006,0.987333,0.000006,0.010768,0.000006,0.00188
43,7,1,0.170928,0.456508,0.170928,0.019901,0.170928,0.010805
43,7,2,0.038139,0.834757,0.038139,0.033756,0.038139,0.017069
43,7,3,0.00851,0.919155,0.00851,0.036848,0.00851,0.018467
43,7,4,0.002318,0.936795,0.002318,0.037494,0.002318,0.018759
43,7,5,0.000853,0.940968,0.000853,0.037647,0.000853,0.018828
43,7,6,0.000314,0.942496,0.000314,0.037706,0.000314,0.018857
43,7,7,0.000115,0.943049,0.000115,0.037735,0.000115,0.01887
43,7,8,0.000042,0.946622,0.000042,0.035439,0.000042,0.017811
43,7,9,0.000016,0.974156,0.000016,0.019606,0.000016,0.006191
48,7,1,0.170928,0.456508,0.170928,0.019901,0.170928,0.010805
48,7,2,0.038139,0.834757,0.038139,0.033756,0.038139,0.017069
48,7,3,0.00851,0.919155,0.00851,0.036848,0.00851,0.018467
48,7,4,0.002318,0.936795,0.002318,0.037494,0.002318,0.018759
48,7,5,0.000853,0.940967,0.000853,0.037647,0.000853,0.018828
48,7,6,0.000314,0.942487,0.000314,0.037713,0.000314,0.018859
48,7,7,0.000115,0.943049,0.000115,0.037736,0.000115,0.018869
48,7,8,0.000042,0.957075,0.000042,0.029129,0.000042,0.013669
48,7,9,0.000018,0.983623,0.000018,0.014688,0.000018,0.001637
7,8,1,0.170928,0.456508,0.170928,0.019901,0.170928,0.010805
7,8,2,0.038139,0.834757,0.038139,0.033756,0.038139,0.017069
7,8,3,0.00851,0.919155,0.00851,0.036848,0.00851,0.018467
7,8,4,0.002318,0.936795,0.002318,0.037494,0.002318,0.018759
7,8,5,0.000853,0.940968,0.000853,0.037647,0.000853,0.018828
7,8,6,0.000314,0.9425,0.000314,0.037705,0.000314,0.018855
7,8,7,0.000115,0.943054,0.000115,0.037732,0.000115,0.018867
7,8,8,0.000042,0.952772,0.000042,0.031615,0.000042,0.015486
7,8,9,0.000016,0.997205,0.000016,0.00249,0.000016,0.000257
12,8,1,0.170928,0.456509,0.170928,0.019901,0.170928,0.010805
12,8,2,0.038139,0.834757,0.038139,0.033756,0.038139,0.017069
12,8,3,0.00851,0.919155,0.00851,0.036848,0.00851,0.018467
12,8,4,0.002318,0.936795,0.002318,0.037494,0.002318,0.018759
12,8,5,0.000853,0.940968,0.000853,0.037647,0.000853,0.018828
12,8,6,0.000314,0.942503,0.000314,0.037703,0.000314,0.018854
12,8,7,0.000115,0.943058,0.000115,0.037729,0.000115,0.018867
12,8,8,0.000042,0.943984,0.000042,0.037168,0.000042,0.018721
12,8,9,0.000016,0.985429,0.000016,0.010743,0.000016,0.00378
15,8,1,0.170928,0.456509,0.170928,0.019901,0.170928,0.010805
15,8,2,0.038139,0.834757,0.038139,0.033756,0.038139,0.017069
15,8,3,0.00851,0.919155,0.00851,0.036848,0.00851,0.018467
15,8,4,0.002318,0.936795,0.002318,0.037494,0.002318,0.018759
15,8,5,0.000853,0.940968,0.000853,0.037647,0.000853,0.018828
15,8,6,0.000314,0.942503,0.000314,0.037703,0.000314,0.018854
15,8,7,0.000115,0.943059,0.000115,0.037728,0.000115,0.018866
15,8,8,0.000042,0.943276,0.000042,0.037708,0.000042,0.018889
15,8,9,0.000016,0.979438,0.000016,0.014838,0.000016,0.005677
15,8,10,0.000008,0.999943,0.000008,0.000034,0.000008,0
16,8,1,0.170928,0.456509,0.170928,0.019901,0.170928,0.010805
16,8,2,0.038139,0.834757,0.038139,0.033756,0.038139,0.017069
16,8,3,0.00851,0.919155,0.00851,0.036848,0.00851,0.018467
16,8,4,0.002318,0.936795,0.002318,0.037494,0.002318,0.018759
16,8,5,0.000853,0.940968,0.000853,0.037647,0.000853,0.018828
16,8,6,0.000314,0.942502,0.000314,0.037703,0.000314,0.018854
16,8,7,0.000115,0.943059,0.000115,0.037729,0.000115,0.018866
16,8,8,0.000042,0.94326,0.000042,0.037737,0.000042,0.018875
16,8,9,0.000016,0.977201,0.000016,0.016326,0.000016,0.006426
16,8,10,0.000007,0.999875,0.000007,0.000103,0.000007,0
26,8,1,0.170928,0.456509,0.170928,0.019901,0.170928,0.010805
26,8,2,0.038139,0.834757,0.038139,0.033756,0.038139,0.017069
26,8,3,0.00851,0.919155,0.00851,0.036848,0.00851,0.018467
26,8,4,0.002318,0.936795,0.002318,0.037494,0.002318,0.018759
26,8,5,0.000853,0.940968,0.000853,0.037647,0.000853,0.018828
26,8,6,0.000314,0.942503,0.000314,0.037703,0.000314,0.018853
26,8,7,0.000115,0.943062,0.000115,0.037725,0.000115,0.018867
26,8,8,0.000042,0.943261,0.000042,0.03774,0.000042,0.018872
26,8,9,0.000016,0.962154,0.000016,0.026051,0.000016,0.011748
26,8,10,0.000007,0.997048,0.000007,0.0028,0.000007,0.000131
29,8,1,0.170928,0.456509,0.170928,0.019901,0.170928,0.010805
29,8,2,0.038139,0.834757,0.038139,0.033756,0.038139,0.017069
29,8,3,0.00851,0.919155,0.00851,0.036848,0.00851,0.018467
29,8,4,0.002318,0.936795,0.002318,0.037494,0.002318,0.018759
29,8,5,0.000853,0.940968,0.000853,0.037647,0.000853,0.018828
29,8,6,0.000314,0.942503,0.000314,0.037703,0.000314,0.018854
29,8,7,0.000115,0.943058,0.000115,0.037728,0.000115,0.018867
29,8,8,0.000042,0.94326,0.000042,0.037741,0.000042,0.018872
29,8,9,0.000016,0.965759,0.000016,0.023921,0.000016,0.010273
29,8,10,0.000008,0.997064,0.000008,0.002786,0.000008,0.000127
32,8,1,0.170928,0.456509,0.170928,0.019901,0.170928,0.010805
32,8,2,0.038139,0.834757,0.038139,0.033756,0.038139,0.017069
32,8,3,0.00851,0.919155,0.00851,0.036848,0.00851,0.018467
32,8,4,0.002318,0.936795,0.002318,0.037494,0.002318,0.018759
32,8,5,0.000853,0.940968,0.000853,0.037647,0.000853,0.018828
32,8,6,0.000314,0.942504,0.000314,0.037702,0.000314,0.018854
32,8,7,0.000115,0.943056,0.000115,0.037729,0.000115,0.018868
32,8,8,0.000042,0.943423,0.000042,0.037563,0.000042,0.018887
32,8,9,0.000016,0.9709,0.000016,0.020856,0.000016,0.008197
33,8,1,0.170928,0.456509,0.170928,0.019901,0.170928,0.010805
33,8,2,0.038139,0.834757,0.038139,0.033756,0.038139,0.017069
33,8,3,0.00851,0.919155,0.00851,0.036848,0.00851,0.018467
33,8,4,0.002318,0.936795,0.002318,0.037494,0.002318,0.018759
33,8,5,0.000853,0.940968,0.000853,0.037647,0.000853,0.018828
33,8,6,0.000314,0.942501,0.000314,0.037704,0.000314,0.018854
33,8,7,0.000115,0.943052,0.000115,0.037733,0.000115,0.018868
33,8,8,0.000042,0.943621,0.000042,0.037425,0.000042,0.018826
33,8,9,0.000016,0.972082,0.000016,0.020251,0.000016,0.007619
41,8,1,0.170928,0.456508,0.170928,0.019901,0.170928,0.010805
41,8,2,0.038139,0.834757,0.038139,0.033756,0.038139,0.017069
41,8,3,0.00851,0.919155,0.00851,0.036848,0.00851,0.018467
41,8,4,0.002318,0.936795,0.002318,0.037494,0.002318,0.018759
41,8,5,0.000853,0.940968,0.000853,0.037647,0.000853,0.018828
41,8,6,0.000314,0.942493,0.000314,0.037708,0.000314,0.018857
41,8,7,0.000115,0.94305,0.000115,0.037735,0.000115,0.018869
41,8,8,0.000042,0.951307,0.000042,0.032579,0.000042,0.015987
41,8,9,0.000017,0.981092,0.000017,0.015694,0.000017,0.003164
7,9,1,0.170928,0.456508,0.170928,0.019901,0.170928,0.010805
7,9,2,0.038139,0.834757,0.038139,0.033756,0.038139,0.017069
7,9,3,0.00851,0.919155,0.00851,0.036848,0.00851,0.018467
7,9,4,0.002318,0.936795,0.002318,0.037494,0.002318,0.018759
7,9,5,0.000853,0.940968,0.000853,0.037647,0.000853,0.018828
7,9,6,0.000314,0.942497,0.000314,0.037706,0.000314,0.018856
7,9,7,0.000115,0.943052,0.000115,0.037734,0.000115,0.018868
7,9,8,0.000042,0.970592,0.000042,0.020373,0.000042,0.008907
7,9,9,0.000019,0.999815,0.000019,0.000126,0.000019,0
8,9,1,0.170928,0.456508,0.170928,0.019901,0.170928,0.010805
8,9,2,0.038139,0.834757,0.038139,0.033756,0.038139,0.017069
8,9,3,0.00851,0.919155,0.00851,0.036848,0.00851,0.018467
8,9,4,0.002318,0.936795,0.002318,0.037494,0.002318,0.018759
8,9,5,0.000853,0.940968,0.000853,0.037647,0.000853,0.018828
8,9,6,0.000314,0.942501,0.000314,0.037702,0.000314,0.018856
8,9,7,0.000115,0.943055,0.000115,0.037731,0.000115,0.018868
8,9,8,0.000042,0.965728,0.000042,0.023545,0.000042,0.0106
8,9,9,0.000018,0.999607,0.000018,0.000338,0.000018,0
10,9,1,0.170928,0.456508,0.170928,0.019901,0.170928,0.010805
10,9,2,0.038139,0.834757,0.038139,0.033756,0.038139,0.017069
10,9,3,0.00851,0.919155,0.00851,0.036848,0.00851,0.018467
10,9,4,0.002318,0.936795,0.002318,0.037494,0.002318,0.018759
10,9,5,0.000853,0.940968,0.000853,0.037647,0.000853,0.018828
10,9,6,0.000314,0.942501,0.000314,0.037702,0.000314,0.018855
10,9,7,0.000115,0.943055,0.000115,0.037731,0.000115,0.018868
10,9,8,0.000042,0.959363,0.000042,0.027587,0.000042,0.012922
10,9,9,0.000017,0.99894,0.000017,0.001006,0.000017,0.000002
17,9,1,0.170928,0.456508,0.170928,0.019901,0.170928,0.010805
17,9,2,0.038139,0.834757,0.038139,0.033756,0.038139,0.017069
17,9,3,0.00851,0.919155,0.00851,0.036848,0.00851,0.018467
17,9,4,0.002318,0.936795,0.002318,0.037494,0.002318,0.018759
17,9,5,0.000853,0.940968,0.000853,0.037647,0.000853,0.018828
17,9,6,0.000314,0.942502,0.000314,0.037702,0.000314,0.018854
17,9,7,0.000115,0.943057,0.000115,0.03773,0.000115,0.018867
17,9,8,0.000042,0.947907,0.000042,0.034646,0.000042,0.01732
17,9,9,0.000016,0.99255,0.000016,0.0062,0.000016,0.001202
25,9,1,0.170928,0.456509,0.170928,0.019901,0.170928,0.010805
25,9,2,0.038139,0.834757,0.038139,0.033756,0.038139,0.017069
25,9,3,0.00851,0.919155,0.00851,0.036848,0.00851,0.018467
25,9,4,0.002318,0.936795,0.002318,0.037494,0.002318,0.018759
25,9,5,0.000853,0.940968,0.000853,0.037647,0.000853,0.018828
25,9,6,0.000314,0.942502,0.000314,0.037703,0.000314,0.018854
25,9,7,0.000115,0.943054,0.000115,0.037732,0.000115,0.018868
25,9,8,0.000042,0.944634,0.000042,0.03677,0.000042,0.018469
25,9,9,0.000016,0.982913,0.000016,0.013119,0.000016,0.00392
29,9,1,0.170928,0.456509,0.170928,0.019901,0.170928,0.010805
29,9,2,0.038139,0.834757,0.038139,0.033756,0.038139,0.017069
29,9,3,0.00851,0.919155,0.00851,0.036848,0.00851,0.018467
29,9,4,0.002318,0.936795,0.002318,0.037494,0.002318,0.018759
29,9,5,0.000853,0.940968,0.000853,0.037647,0.000853,0.018828
29,9,6,0.000314,0.942501,0.000314,0.037704,0.000314,0.018855
29,9,7,0.000115,0.943054,0.000115,0.037732,0.000115,0.018868
29,9,8,0.000042,0.946199,0.000042,0.035709,0.000042,0.017964
29,9,9,0.000016,0.984008,0.000016,0.012502,0.000016,0.003441
41,9,1,0.170928,0.456508,0.170928,0.019901,0.170928,0.010805
41,9,2,0.038139,0.834757,0.038139,0.033756,0.038139,0.017069
41,9,3,0.00851,0.919155,0.00851,0.036848,0.00851,0.018467
41,9,4,0.002318,0.936795,0.002318,0.037494,0.002318,0.018759
41,9,5,0.000853,0.940967,0.000853,0.037647,0.000853,0.018828
41,9,6,0.000314,0.942491,0.000314,0.037709,0.000314,0.018859
41,9,7,0.000115,0.943058,0.000115,0.03772,0.000115,0.018877
41,9,8,0.000042,0.962583,0.000042,0.025876,0.000042,0.011414
41,9,9,0.000021,0.986741,0.000021,0.012588,0.000021,0.000609
12,10,1,0.170928,0.456508,0.170928,0.019901,0.170928,0.010805
12,10,2,0.038139,0.834757,0.038139,0.033756,0.038139,0.017069
12,10,3,0.00851,0.919155,0.00851,0.036848,0.00851,0.018467
12,10,4,0.002318,0.936795,0.002318,0.037494,0.002318,0.018759
12,10,5,0.000853,0.940968,0.000853,0.037647,0.000853,0.018828
12,10,6,0.000314,0.942496,0.000314,0.037707,0.000314,0.018856
12,10,7,0.000115,0.943052,0.000115,0.037734,0.000115,0.018868
12,10,8,0.000042,0.974074,0.000042,0.018191,0.000042,0.007608
12,10,9,0.000021,0.999844,0.000021,0.000093,0.000021,0
13,10,1,0.170928,0.456508,0.170928,0.019901,0.170928,0.010805
13,10,2,0.038139,0.834757,0.038139,0.033756,0.038139,0.017069
13,10,3,0.00851,0.919155,0.00851,0.036848,0.00851,0.018467
13,10,4,0.002318,0.936795,0.002318,0.037494,0.002318,0.018759
13,10,5,0.000853,0.940968,0.000853,0.037647,0.000853,0.018828
13,10,6,0.000314,0.942496,0.000314,0.037708,0.000314,0.018856
13,10,7,0.000115,0.943052,0.000115,0.037734,0.000115,0.018868
13,10,8,0.000042,0.971736,0.000042,0.019817,0.000042,0.008321
13,10,9,0.00002,0.999748,0.00002,0.00019,0.00002,0
47,10,1,0.170928,0.456508,0.170928,0.019901,0.170928,0.010805
47,10,2,0.038139,0.834757,0.038139,0.033756,0.038139,0.017069
47,10,3,0.00851,0.919155,0.00851,0.036848,0.00851,0.018467
47,10,4,0.002318,0.936795,0.002318,0.037494,0.002318,0.018759
47,10,5,0.000853,0.940961,0.000853,0.03765,0.000853,0.018831
47,10,6,0.000314,0.942485,0.000314,0.037714,0.000314,0.01886
47,10,7,0.000115,0.952239,0.000115,0.031978,0.000115,0.015438
47,10,8,0.000047,0.983237,0.000047,0.014645,0.000047,0.001976
11,11,1,0.170928,0.456508,0.170928,0.019901,0.170928,0.010805
11,11,2,0.038139,0.834757,0.038139,0.033756,0.038139,0.017069
11,11,3,0.00851,0.919155,0.00851,0.036848,0.00851,0.018467
11,11,4,0.002318,0.936795,0.002318,0.037494,0.002318,0.018759
11,11,5,0.000853,0.940967,0.000853,0.037647,0.000853,0.018828
11,11,6,0.000314,0.942493,0.000314,0.037709,0.000314,0.018857
11,11,7,0.000115,0.947478,0.000115,0.034784,0.000115,0.017393
11,11,8,0.000044,0.993504,0.000044,0.005375,0.000044,0.000987
20,11,1,0.170928,0.456508,0.170928,0.019901,0.170928,0.010805
20,11,2,0.038139,0.834757,0.038139,0.033756,0.038139,0.017069
20,11,3,0.00851,0.919155,0.00851,0.036848,0.00851,0.018467
20,11,4,0.002318,0.936795,0.002318,0.037494,0.002318,0.018759
20,11,5,0.000853,0.940968,0.000853,0.037647,0.000853,0.018828
20,11,6,0.000314,0.9425,0.000314,0.037703,0.000314,0.018857
20,11,7,0.000115,0.943298,0.000115,0.037505,0.000115,0.018851
20,11,8,0.000043,0.979458,0.000043,0.015175,0.000043,0.005238
27,11,1,0.170928,0.456508,0.170928,0.019901,0.170928,0.010805
27,11,2,0.038139,0.834757,0.038139,0.033756,0.038139,0.017069
27,11,3,0.00851,0.919155,0.00851,0.036848,0.00851,0.018467
27,11,4,0.002318,0.936795,0.002318,0.037494,0.002318,0.018759
27,11,5,0.000853,0.940967,0.000853,0.037647,0.000853,0.018828
27,11,6,0.000314,0.942493,0.000314,0.037709,0.000314,0.018857
27,11,7,0.000115,0.943293,0.000115,0.037515,0.000115,0.018846
27,11,8,0.000043,0.975964,0.000043,0.017615,0.000043,0.006292
2,12,1,0.170928,0.456508,0.170928,0.019901,0.170928,0.010805
2,12,2,0.038139,0.834757,0.038139,0.033756,0.038139,0.017069
2,12,3,0.00851,0.919155,0.00851,0.036848,0.00851,0.018467
2,12,4,0.002318,0.936795,0.002318,0.037494,0.002318,0.018759
2,12,5,0.000853,0.940965,0.000853,0.037647,0.000853,0.01883
2,12,6,0.000313,0.943555,0.000313,0.036929,0.000313,0.018577
2,12,7,0.000117,0.988398,0.000118,0.008713,0.000118,0.002536
12,12,1,0.170928,0.456508,0.170928,0.019901,0.170928,0.010805
12,12,2,0.038139,0.834757,0.038139,0.033756,0.038139,0.017069
12,12,3,0.00851,0.919155,0.00851,0.036848,0.00851,0.018467
12,12,4,0.002318,0.936795,0.002318,0.037494,0.002318,0.018759
12,12,5,0.000853,0.940965,0.000853,0.037648,0.000853,0.018829
12,12,6,0.000314,0.94249,0.000314,0.037711,0.000314,0.018858
12,12,7,0.000115,0.960917,0.000115,0.026646,0.000115,0.012092
12,12,8,0.000052,0.998677,0.000052,0.001167,0.000052,0
15,12,1,0.170928,0.456508,0.170928,0.019901,0.170928,0.010805
15,12,2,0.038139,0.834757,0.038139,0.033756,0.038139,0.017069
15,12,3,0.00851,0.919155,0.00851,0.036848,0.00851,0.018467
15,12,4,0.002318,0.936795,0.002318,0.037494,0.002318,0.018759
15,12,5,0.000853,0.940965,0.000853,0.037648,0.000853,0.018829
15,12,6,0.000314,0.94249,0.000314,0.037711,0.000314,0.018858
15,12,7,0.000115,0.956009,0.000115,0.029697,0.000115,0.013948
15,12,8,0.000049,0.997231,0.000049,0.002537,0.000049,0.000084
24,12,1,0.170928,0.456508,0.170928,0.019901,0.170928,0.010805
24,12,2,0.038139,0.834757,0.038139,0.033756,0.038139,0.017069
24,12,3,0.00851,0.919155,0.00851,0.036848,0.00851,0.018467
24,12,4,0.002318,0.936795,0.002318,0.037494,0.002318,0.018759
24,12,5,0.000853,0.940968,0.000853,0.037646,0.000853,0.018828
24,12,6,0.000314,0.942493,0.000314,0.037709,0.000314,0.018858
24,12,7,0.000115,0.949451,0.000115,0.033672,0.000115,0.016531
24,12,8,0.000047,0.992097,0.000047,0.006626,0.000047,0.001137
35,12,1,0.170928,0.456508,0.170928,0.019901,0.170928,0.010805
35,12,2,0.038139,0.834757,0.038139,0.033756,0.038139,0.017069
35,12,3,0.00851,0.919155,0.00851,0.036848,0.00851,0.018467
35,12,4,0.002318,0.936795,0.002318,0.037494,0.002318,0.018759
35,12,5,0.000853,0.940963,0.000853,0.037649,0.000853,0.01883
35,12,6,0.000314,0.942487,0.000314,0.037713,0.000314,0.018859
35,12,7,0.000115,0.956292,0.000115,0.029477,0.000115,0.013886
35,12,8,0.000054,0.98914,0.000054,0.009922,0.000054,0.000775
38,12,1,0.170928,0.456508,0.170928,0.019901,0.170928,0.010805
38,12,2,0.038139,0.834757,0.038139,0.033756,0.038139,0.017069
38,12,3,0.00851,0.919155,0.00851,0.036848,0.00851,0.018467
38,12,4,0.002318,0.936795,0.002318,0.037494,0.002318,0.018759
38,12,5,0.000853,0.940962,0.000853,0.037649,0.000853,0.018831
38,12,6,0.000314,0.942488,0.000314,0.037712,0.000314,0.018859
38,12,7,0.000115,0.960318,0.000115,0.027215,0.000115,0.012122
38,12,8,0.000059,0.988327,0.000059,0.011017,0.000059,0.00048
39,12,1,0.170928,0.456508,0.170928,0.019901,0.170928,0.010805
39,12,2,0.038139,0.834757,0.038139,0.033756,0.038139,0.017069
39,12,3,0.00851,0.919155,0.00851,0.036848,0.00851,0.018467
39,12,4,0.002318,0.936795,0.002318,0.037494,0.002318,0.018759
39,12,5,0.000853,0.940961,0.000853,0.03765,0.000853,0.018831
39,12,6,0.000314,0.942487,0.000314,0.037713,0.000314,0.018859
39,12,7,0.000115,0.96176,0.000115,0.026365,0.000115,0.01153
39,12,8,0.000061,0.988294,0.000061,0.011124,0.000061,0.0004
41,12,1,0.170928,0.456508,0.170928,0.019901,0.170928,0.010805
41,12,2,0.038139,0.834757,0.038139,0.033756,0.038139,0.017069
41,12,3,0.00851,0.919155,0.00851,0.036848,0.00851,0.018467
41,12,4,0.002318,0.936795,0.002318,0.037494,0.002318,0.018759
41,12,5,0.000853,0.940959,0.000853,0.037652,0.000853,0.018832
41,12,6,0.000314,0.942495,0.000314,0.037697,0.000314,0.018867
41,12,7,0.000115,0.964919,0.000115,0.024583,0.000115,0.010152
11,13,1,0.170928,0.456508,0.170928,0.019901,0.170928,0.010805
11,13,2,0.038139,0.834757,0.038139,0.033756,0.038139,0.017069
11,13,3,0.00851,0.919155,0.00851,0.036848,0.00851,0.018467
11,13,4,0.002318,0.936795,0.002318,0.037494,0.002318,0.018759
11,13,5,0.000853,0.940963,0.000853,0.037649,0.000853,0.01883
11,13,6,0.000313,0.942745,0.000313,0.037482,0.000313,0.018835
11,13,7,0.000117,0.982381,0.000117,0.012831,0.000117,0.004438
4,14,1,0.170928,0.456508,0.170928,0.019901,0.170928,0.010805
4,14,2,0.038139,0.834757,0.038139,0.033756,0.038139,0.017069
4,14,3,0.00851,0.919155,0.00851,0.036848,0.00851,0.018467
4,14,4,0.002318,0.936794,0.002318,0.037495,0.002318,0.018759
4,14,5,0.000853,0.940955,0.000853,0.037655,0.000853,0.018832
4,14,6,0.000312,0.96358,0.000312,0.024659,0.000312,0.010825
4,14,7,0.000157,0.998648,0.000158,0.000879,0.000158,0
7,14,1,0.170928,0.456508,0.170928,0.019901,0.170928,0.010805
7,14,2,0.038139,0.834757,0.038139,0.033756,0.038139,0.017069
7,14,3,0.00851,0.919155,0.00851,0.036848,0.00851,0.018467
7,14,4,0.002318,0.936794,0.002318,0.037494,0.002318,0.018759
7,14,5,0.000853,0.940958,0.000853,0.037653,0.000853,0.018832
7,14,6,0.000313,0.956234,0.000313,0.029211,0.000313,0.013617
7,14,7,0.000142,0.997676,0.000142,0.001883,0.000142,0.000016
11,14,1,0.170928,0.456508,0.170928,0.019901,0.170928,0.010805
11,14,2,0.038139,0.834757,0.038139,0.033756,0.038139,0.017069
11,14,3,0.00851,0.919155,0.00851,0.036848,0.00851,0.018467
11,14,4,0.002318,0.936795,0.002318,0.037494,0.002318,0.018759
11,14,5,0.000853,0.940962,0.000853,0.037649,0.000853,0.018831
11,14,6,0.000313,0.950054,0.000313,0.032964,0.000313,0.016043
11,14,7,0.00013,0.995192,0.00013,0.004053,0.00013,0.000364
31,14,1,0.170928,0.456508,0.170928,0.019901,0.170928,0.010805
31,14,2,0.038139,0.834757,0.038139,0.033756,0.038139,0.017069
31,14,3,0.00851,0.919155,0.00851,0.036848,0.00851,0.018467
31,14,4,0.002318,0.936795,0.002318,0.037494,0.002318,0.018759
31,14,5,0.000853,0.94096,0.000853,0.037651,0.000853,0.018832
31,14,6,0.000313,0.9455,0.000313,0.035703,0.000313,0.017858
31,14,7,0.000126,0.984432,0.000126,0.012381,0.000126,0.002809
36,14,1,0.170928,0.456508,0.170928,0.019901,0.170928,0.010805
36,14,2,0.038139,0.834757,0.038139,0.033756,0.038139,0.017069
36,14,3,0.00851,0.919155,0.00851,0.036848,0.00851,0.018467
36,14,4,0.002318,0.936794,0.002318,0.037494,0.002318,0.018759
36,14,5,0.000853,0.940955,0.000853,0.037655,0.000853,0.018833
36,14,6,0.000313,0.948449,0.000313,0.033943,0.000313,0.016668
36,14,7,0.000133,0.98487,0.000133,0.012747,0.000133,0.001983
1,15,1,0.170928,0.456508,0.170928,0.019901,0.170928,0.010805
1,15,2,0.038139,0.834757,0.038139,0.033756,0.038139,0.017069
1,15,3,0.00851,0.919155,0.00851,0.036848,0.00851,0.018467
1,15,4,0.002318,0.936792,0.002318,0.037495,0.002318,0.01876
1,15,5,0.000851,0.941318,0.000851,0.037367,0.000851,0.018764
1,15,6,0.000323,0.982413,0.000325,0.012684,0.000324,0.003931
33,15,1,0.170928,0.456508,0.170928,0.019901,0.170928,0.010805
33,15,2,0.038139,0.834757,0.038139,0.033756,0.038139,0.017069
33,15,3,0.00851,0.919155,0.00851,0.036848,0.00851,0.018467
33,15,4,0.002318,0.936793,0.002318,0.037495,0.002318,0.018759
33,15,5,0.000853,0.940952,0.000853,0.037657,0.000853,0.018833
33,15,6,0.000311,0.958465,0.000311,0.028022,0.000311,0.012579
33,15,7,0.000169,0.990765,0.000169,0.008409,0.000169,0.000318
37,15,1,0.170928,0.456508,0.170928,0.019901,0.170928,0.010805
37,15,2,0.038139,0.834757,0.038139,0.033756,0.038139,0.017069
37,15,3,0.00851,0.919155,0.00851,0.036848,0.00851,0.018467
37,15,4,0.002318,0.936791,0.002318,0.037496,0.002318,0.01876
37,15,5,0.000853,0.940952,0.000853,0.037657,0.000853,0.018833
37,15,6,0.000314,0.961675,0.000314,0.026199,0.000314,0.011184
7,16,1,0.170928,0.456508,0.170928,0.019901,0.170928,0.010805
7,16,2,0.038139,0.834757,0.038139,0.033756,0.038139,0.017069
7,16,3,0.00851,0.919155,0.00851,0.036848,0.00851,0.018467
7,16,4,0.002318,0.936793,0.002318,0.037494,0.002318,0.01876
7,16,5,0.000849,0.943366,0.000849,0.036035,0.000849,0.018052
7,16,6,0.000342,0.990342,0.000342,0.007094,0.000342,0.001539
13,16,1,0.170928,0.456508,0.170928,0.019901,0.170928,0.010805
13,16,2,0.038139,0.834757,0.038139,0.033756,0.038139,0.017069
13,16,3,0.00851,0.919155,0.00851,0.036848,0.00851,0.018467
13,16,4,0.002318,0.936791,0.002318,0.037497,0.002318,0.01876
13,16,5,0.00085,0.941359,0.00085,0.037344,0.00085,0.018746
13,16,6,0.000328,0.982184,0.000328,0.012777,0.000328,0.004056
16,16,1,0.170928,0.456508,0.170928,0.019901,0.170928,0.010805
16,16,2,0.038139,0.834757,0.038139,0.033756,0.038139,0.017069
16,16,3,0.00851,0.919155,0.00851,0.036848,0.00851,0.018467
16,16,4,0.002318,0.936792,0.002318,0.037495,0.002318,0.01876
16,16,5,0.000851,0.941008,0.000851,0.037587,0.000851,0.01885
16,16,6,0.000323,0.97853,0.000323,0.015301,0.000323,0.005199
23,16,1,0.170928,0.456508,0.170928,0.019901,0.170928,0.010805
23,16,2,0.038139,0.834757,0.038139,0.033756,0.038139,0.017069
23,16,3,0.00851,0.919155,0.00851,0.036848,0.00851,0.018467
23,16,4,0.002318,0.936793,0.002318,0.037495,0.002318,0.01876
23,16,5,0.000853,0.940956,0.000853,0.037654,0.000853,0.018833
23,16,6,0.000319,0.97316,0.000319,0.018804,0.000319,0.007078
25,16,1,0.170928,0.456508,0.170928,0.019901,0.170928,0.010805
25,16,2,0.038139,0.834757,0.038139,0.033756,0.038139,0.017069
25,16,3,0.00851,0.919155,0.00851,0.036848,0.00851,0.018467
25,16,4,0.002318,0.936791,0.002318,0.037496,0.002318,0.01876
25,16,5,0.000852,0.940955,0.000852,0.037654,0.000852,0.018833
25,16,6,0.00032,0.972402,0.00032,0.019336,0.00032,0.007302
28,16,1,0.170928,0.456508,0.170928,0.019901,0.170928,0.010805
28,16,2,0.038139,0.834757,0.038139,0.033756,0.038139,0.017069
28,16,3,0.00851,0.919155,0.00851,0.036848,0.00851,0.018467
28,16,4,0.002318,0.936792,0.002318,0.037495,0.002318,0.01876
28,16,5,0.000852,0.940968,0.000852,0.037633,0.000852,0.018842
28,16,6,0.000322,0.972285,0.000322,0.019592,0.000322,0.007156
37,17,1,0.170928,0.456508,0.170928,0.019901,0.170928,0.010805
37,17,2,0.038139,0.834757,0.038139,0.033756,0.038139,0.017069
37,17,3,0.00851,0.919155,0.00851,0.036848,0.00851,0.018467
37,17,4,0.002318,0.936785,0.002318,0.037499,0.002318,0.018763
37,17,5,0.00085,0.949191,0.00085,0.032661,0.00085,0.015599
37,17,6,0.000415,0.98455,0.000415,0.01304,0.000415,0.001163
13,18,1,0.170928,0.456508,0.170928,0.019901,0.170928,0.010805
13,18,2,0.038139,0.834757,0.038139,0.033756,0.038139,0.017069
13,18,3,0.00851,0.919155,0.00851,0.036848,0.00851,0.018467
13,18,4,0.002318,0.936787,0.002318,0.037498,0.002318,0.018762
13,18,5,0.000857,0.965068,0.000857,0.022852,0.000857,0.009511
26,18,1,0.170928,0.456508,0.170928,0.019901,0.170928,0.010805
26,18,2,0.038139,0.834757,0.038139,0.033756,0.038139,0.017069
26,18,3,0.00851,0.919155,0.00851,0.036848,0.00851,0.018467
26,18,4,0.002318,0.936785,0.002318,0.0375,0.002318,0.018762
26,18,5,0.000851,0.958255,0.000851,0.02726,0.000851,0.011932
11,19,1,0.170928,0.456508,0.170928,0.019901,0.170928,0.010805
11,19,2,0.038139,0.834757,0.038139,0.033756,0.038139,0.017069
11,19,3,0.00851,0.919155,0.00851,0.036848,0.00851,0.018467
11,19,4,0.002312,0.937969,0.002312,0.036718,0.002312,0.018378
11,19,5,0.000951,0.985354,0.000951,0.009318,0.000951,0.002476
26,19,1,0.170928,0.456508,0.170928,0.019901,0.170928,0.010805
26,19,2,0.038139,0.834757,0.038139,0.033756,0.038139,0.017069
26,19,3,0.00851,0.919156,0.00851,0.036847,0.00851,0.018467
26,19,4,0.002312,0.937016,0.002312,0.037325,0.002312,0.018724
26,19,5,0.000913,0.975997,0.000913,0.016176,0.000913,0.005087
31,19,1,0.170928,0.456508,0.170928,0.019901,0.170928,0.010805
31,19,2,0.038139,0.834757,0.038139,0.033756,0.038139,0.017069
31,19,3,0.00851,0.919155,0.00851,0.036848,0.00851,0.018467
31,19,4,0.002313,0.937274,0.002313,0.037164,0.002313,0.018624
31,19,5,0.00093,0.975721,0.00093,0.01667,0.00093,0.00482
37,19,1,0.170928,0.456508,0.170928,0.019901,0.170928,0.010805
37,19,2,0.038139,0.834757,0.038139,0.033756,0.038139,0.017069
37,19,3,0.00851,0.919154,0.00851,0.036848,0.00851,0.018467
37,19,4,0.002309,0.938123,0.002309,0.03662,0.002309,0.018331
37,19,5,0.000972,0.976464,0.000972,0.016925,0.000972,0.003695
41,19,1,0.170928,0.456508,0.170928,0.019901,0.170928,0.010805
41,19,2,0.038139,0.834757,0.038139,0.033756,0.038139,0.017069
41,19,3,0.00851,0.919153,0.00851,0.036849,0.00851,0.018468
41,19,4,0.00231,0.939213,0.00231,0.03594,0.00231,0.017916
41,19,5,0.001001,0.977614,0.001001,0.016518,0.001001,0.002866
46,19,1,0.170928,0.456508,0.170928,0.019901,0.170928,0.010805
46,19,2,0.038139,0.834757,0.038139,0.033756,0.038139,0.017069
46,19,3,0.00851,0.919153,0.00851,0.036849,0.00851,0.018468
46,19,4,0.002312,0.940789,0.002312,0.035011,0.002312,0.017264
46,19,5,0.001051,0.97901,0.001051,0.015592,0.001051,0.002244
48,19,1,0.170928,0.456508,0.170928,0.019901,0.170928,0.010805
48,19,2,0.038139,0.834757,0.038139,0.033756,0.038139,0.017069
48,19,3,0.00851,0.919153,0.00851,0.036849,0.00851,0.018468
48,19,4,0.002312,0.941018,0.002313,0.034866,0.002313,0.017178
48,19,5,0.001062,0.978311,0.001062,0.016159,0.001062,0.002344
49,19,1,0.170928,0.456508,0.170928,0.019901,0.170928,0.010805
49,19,2,0.038139,0.834757,0.038139,0.033756,0.038139,0.017069
49,19,3,0.00851,0.919154,0.00851,0.036848,0.00851,0.018468
49,19,4,0.002313,0.940822,0.002313,0.034972,0.002313,0.017267
49,19,5,0.001062,0.976307,0.001062,0.017513,0.001062,0.002994
2,20,1,0.170928,0.456508,0.170928,0.019901,0.170928,0.010805
2,20,2,0.038139,0.834757,0.038139,0.033756,0.038139,0.017069
2,20,3,0.00851,0.919154,0.00851,0.036848,0.00851,0.018468
2,20,4,0.002319,0.955471,0.002319,0.026114,0.002319,0.011457
3,20,1,0.170928,0.456508,0.170928,0.019901,0.170928,0.010805
3,20,2,0.038139,0.834757,0.038139,0.033756,0.038139,0.017069
3,20,3,0.00851,0.919153,0.00851,0.036849,0.00851,0.018468
3,20,4,0.002317,0.955453,0.002318,0.026111,0.002317,0.011484
12,20,1,0.170928,0.456508,0.170928,0.019901,0.170928,0.010805
12,20,2,0.038139,0.834757,0.038139,0.033756,0.038139,0.017069
12,20,3,0.00851,0.919153,0.00851,0.036849,0.00851,0.018467
12,20,4,0.002313,0.947294,0.002313,0.031163,0.002313,0.014605
12,20,5,0.001206,0.99312,0.001206,0.003074,0.001206,0.000187
17,20,1,0.170928,0.456508,0.170928,0.019901,0.170928,0.010805
17,20,2,0.038139,0.834757,0.038139,0.033756,0.038139,0.017069
17,20,3,0.00851,0.919153,0.00851,0.036849,0.00851,0.018467
17,20,4,0.002312,0.944593,0.002312,0.032748,0.002312,0.015725
17,20,5,0.001157,0.991475,0.001157,0.004637,0.001157,0.000416
24,20,1,0.170928,0.456508,0.170928,0.019901,0.170928,0.010805
24,20,2,0.038139,0.834757,0.038139,0.033756,0.038139,0.017069
24,20,3,0.00851,0.919153,0.00851,0.03685,0.00851,0.018467
24,20,4,0.002311,0.943051,0.002311,0.033676,0.002311,0.016341
24,20,5,0.00114,0.9875,0.00114,0.008165,0.00114,0.000915
50,20,1,0.170928,0.456508,0.170928,0.019901,0.170928,0.010805
50,20,2,0.038139,0.834757,0.038139,0.033756,0.038139,0.017069
50,20,3,0.00851,0.919151,0.00851,0.03685,0.00851,0.018469
50,20,4,0.002319,0.948532,0.002319,0.030474,0.002319,0.014035
2,21,1,0.170928,0.456508,0.170928,0.019901,0.170928,0.010805
2,21,2,0.038139,0.834757,0.038139,0.033756,0.038139,0.017069
2,21,3,0.00851,0.919152,0.00851,0.03685,0.00851,0.018469
2,21,4,0.002463,0.971885,0.002464,0.015271,0.002463,0.005454
26,21,1,0.170928,0.456508,0.170928,0.019901,0.170928,0.010805
26,21,2,0.038139,0.834757,0.038139,0.033756,0.038139,0.017069
26,21,3,0.00851,0.919153,0.00851,0.036849,0.00851,0.018468
26,21,4,0.002353,0.957129,0.002353,0.025326,0.002353,0.010485
33,21,1,0.170928,0.456508,0.170928,0.019901,0.170928,0.010805
33,21,2,0.038139,0.834757,0.038139,0.033756,0.038139,0.017069
33,21,3,0.00851,0.919151,0.00851,0.036851,0.00851,0.018469
33,21,4,0.002384,0.957686,0.002384,0.025156,0.002384,0.010006
40,21,1,0.170928,0.456508,0.170928,0.019901,0.170928,0.010805
40,21,2,0.038139,0.834757,0.038139,0.033756,0.038139,0.017069
40,21,3,0.00851,0.919151,0.00851,0.03685,0.00851,0.018469
40,21,4,0.002434,0.960297,0.002434,0.023844,0.002434,0.008558
47,21,1,0.170928,0.456508,0.170928,0.019901,0.170928,0.010805
47,21,2,0.038139,0.834757,0.038139,0.033756,0.038139,0.017069
47,21,3,0.008507,0.919166,0.008507,0.036839,0.008507,0.018475
47,21,4,0.002477,0.964236,0.002477,0.021699,0.002477,0.006635
48,21,1,0.170928,0.456508,0.170928,0.019901,0.170928,0.010805
48,21,2,0.038139,0.834757,0.038139,0.033756,0.038139,0.017069
48,21,3,0.008506,0.919175,0.008506,0.036832,0.008506,0.018476
48,21,4,0.00248,0.963782,0.00248,0.021894,0.00248,0.006884
1,22,1,0.170928,0.456508,0.170928,0.019901,0.170928,0.010805
1,22,2,0.038139,0.834757,0.038139,0.033756,0.038139,0.017069
1,22,3,0.008494,0.921609,0.008494,0.035345,0.008494,0.017564
1,22,4,0.003005,0.98157,0.003005,0.008073,0.003005,0.001342
29,22,1,0.170928,0.456508,0.170928,0.019901,0.170928,0.010805
29,22,2,0.038139,0.834757,0.038139,0.033756,0.038139,0.017069
29,22,3,0.008499,0.919594,0.008499,0.036576,0.008499,0.018332
29,22,4,0.002692,0.972486,0.002692,0.015773,0.002692,0.003665
31,22,1,0.170928,0.456508,0.170928,0.019901,0.170928,0.010805
31,22,2,0.038139,0.834757,0.038139,0.033756,0.038139,0.017069
31,22,3,0.008499,0.919672,0.008499,0.036532,0.008499,0.018298
31,22,4,0.002712,0.972713,0.002712,0.015731,0.002712,0.003419
13,23,1,0.170928,0.456508,0.170928,0.019901,0.170928,0.010805
13,23,2,0.038139,0.834757,0.038139,0.033756,0.038139,0.017069
13,23,3,0.008496,0.926663,0.008496,0.032385,0.008496,0.015463
20,23,1,0.170928,0.456508,0.170928,0.019901,0.170928,0.010805
20,23,2,0.038139,0.834757,0.038139,0.033756,0.038139,0.017069
20,23,3,0.00848,0.925408,0.00848,0.033157,0.00848,0.015993
48,23,1,0.170928,0.456508,0.170928,0.019901,0.170928,0.010805
48,23,2,0.038139,0.834757,0.038139,0.033756,0.038139,0.017069
48,23,3,0.008533,0.927867,0.008533,0.031801,0.008533,0.014733
2,24,1,0.170928,0.456508,0.170928,0.019901,0.170928,0.010805
2,24,2,0.038139,0.834757,0.038139,0.033756,0.038139,0.017069
2,24,3,0.008873,0.940476,0.008873,0.022978,0.008873,0.009926
33,24,1,0.170928,0.456508,0.170928,0.019901,0.170928,0.010805
33,24,2,0.038139,0.834757,0.038139,0.033756,0.038139,0.017069
33,24,3,0.008742,0.933307,0.008742,0.028387,0.008742,0.012078
44,24,1,0.170928,0.456508,0.170928,0.019901,0.170928,0.010805
44,24,2,0.038139,0.834757,0.038139,0.033756,0.038139,0.017069
44,24,3,0.008855,0.934219,0.008855,0.027733,0.008855,0.011482
4,25,1,0.170928,0.456508,0.170928,0.019901,0.170928,0.010805
4,25,2,0.038139,0.834756,0.038139,0.033757,0.038139,0.017069
4,25,3,0.009937,0.94648,0.009937,0.017306,0.009937,0.006404
13,25,1,0.170928,0.456508,0.170928,0.019901,0.170928,0.010805
13,25,2,0.038139,0.834757,0.038139,0.033756,0.038139,0.017069
13,25,3,0.00965,0.944233,0.009651,0.019396,0.009651,0.00742
19,25,1,0.170928,0.456508,0.170928,0.019901,0.170928,0.010805
19,25,2,0.038139,0.834755,0.038139,0.033758,0.038139,0.017069
19,25,3,0.00954,0.942597,0.00954,0.020932,0.00954,0.007851
35,25,1,0.170928,0.456508,0.170928,0.019901,0.170928,0.010805
35,25,2,0.038139,0.834756,0.038139,0.033757,0.038139,0.01707
35,25,3,0.009715,0.939692,0.009715,0.023322,0.009715,0.00784
37,25,1,0.170928,0.456508,0.170928,0.019901,0.170928,0.010805
37,25,2,0.038139,0.834756,0.038139,0.033756,0.038139,0.01707
37,25,3,0.00977,0.939289,0.00977,0.023532,0.00977,0.007869
42,25,1,0.170928,0.456508,0.170928,0.019901,0.170928,0.010805
42,25,2,0.038139,0.834756,0.038139,0.033756,0.038139,0.01707
42,25,3,0.009917,0.938755,0.009917,0.023574,0.009917,0.007918
4,26,1,0.170928,0.456508,0.170928,0.019901,0.170928,0.010805
4,26,2,0.038074,0.835073,0.038074,0.033665,0.038074,0.017041
6,26,1,0.170928,0.456508,0.170928,0.019901,0.170928,0.010805
6,26,2,0.038073,0.835031,0.038073,0.033694,0.038073,0.017057
19,26,1,0.170928,0.456508,0.170928,0.019901,0.170928,0.010805
19,26,2,0.038139,0.834756,0.038139,0.033757,0.038139,0.01707
23,26,1,0.170928,0.456508,0.170928,0.019901,0.170928,0.010805
23,26,2,0.038139,0.834754,0.038139,0.033758,0.038139,0.01707
26,26,1,0.170928,0.456508,0.170928,0.019901,0.170928,0.010805
26,26,2,0.038139,0.834755,0.038139,0.033758,0.038139,0.01707
4,27,1,0.170928,0.456508,0.170928,0.019901,0.170928,0.010805
4,27,2,0.03804,0.839887,0.03804,0.030921,0.03804,0.015071
27,27,1,0.170928,0.456508,0.170928,0.019901,0.170928,0.010805
27,27,2,0.037912,0.838671,0.037912,0.031884,0.037912,0.01571
39,27,1,0.170928,0.456508,0.170928,0.019901,0.170928,0.010805
39,27,2,0.038006,0.838789,0.038006,0.031672,0.038006,0.015521
43,27,1,0.170928,0.456508,0.170928,0.019901,0.170928,0.010805
43,27,2,0.038041,0.838922,0.038041,0.031549,0.038041,0.015407
5,28,1,0.170928,0.456508,0.170928,0.019901,0.170928,0.010805
5,28,2,0.039013,0.844702,0.039014,0.026485,0.039014,0.011772
6,28,1,0.170928,0.456508,0.170928,0.019901,0.170928,0.010805
6,28,2,0.039021,0.844541,0.039022,0.02652,0.039022,0.011874
10,28,1,0.170928,0.456508,0.170928,0.019901,0.170928,0.010805
10,28,2,0.038947,0.843997,0.038948,0.027004,0.038948,0.012155
20,28,1,0.170928,0.456508,0.170928,0.019901,0.170928,0.010805
20,28,2,0.038801,0.842856,0.0388,0.02798,0.0388,0.012764
26,28,1,0.170928,0.456508,0.170928,0.019901,0.170928,0.010805
26,28,2,0.038811,0.842451,0.03881,0.028281,0.03881,0.012837
45,28,1,0.170928,0.456508,0.170928,0.019901,0.170928,0.010805
45,28,2,0.039122,0.841897,0.039122,0.028133,0.039122,0.012605
21,29,1,0.170928,0.456508,0.170928,0.019901,0.170928,0.010805
21,29,2,0.042059,0.843179,0.042057,0.022328,0.042057,0.008321
27,29,1,0.170928,0.456508,0.170928,0.019901,0.170928,0.010805
27,29,2,0.042109,0.842298,0.042109,0.022965,0.042109,0.00841
30,29,1,0.170928,0.456508,0.170928,0.019901,0.170928,0.010805
30,29,2,0.042208,0.841573,0.042208,0.023288,0.042208,0.008514
40,29,1,0.170928,0.456508,0.170928,0.019901,0.170928,0.010805
40,29,2,0.042802,0.838886,0.042803,0.023804,0.042803,0.008903
47,29,1,0.170928,0.456508,0.170928,0.019901,0.170928,0.010805
47,29,2,0.043207,0.838769,0.043207,0.0233,0.043207,0.00831
1,30,1,0.170928,0.45651,0.170928,0.019901,0.170928,0.010805
20,30,1,0.170928,0.45651,0.170928,0.019901,0.170928,0.010805
23,30,1,0.170928,0.45651,0.170928,0.019901,0.170928,0.010805
25,30,1,0.170928,0.45651,0.170928,0.019901,0.170928,0.010805
26,30,1,0.170928,0.45651,0.170928,0.019901,0.170928,0.010805
44,30,1,0.170927,0.456511,0.170927,0.019901,0.170927,0.010805
50,30,1,0.170928,0.45651,0.170928,0.019902,0.170928,0.010805
1,31,1,0.170453,0.458539,0.170453,0.019556,0.170453,0.010545
6,31,1,0.170333,0.459076,0.170333,0.019458,0.170333,0.010466
33,31,1,0.170311,0.458956,0.170311,0.019558,0.170311,0.010554
36,31,1,0.170288,0.459085,0.170288,0.019536,0.170288,0.010514
14,32,1,0.172571,0.457554,0.172572,0.016509,0.172571,0.008223
23,32,1,0.172433,0.457663,0.172431,0.01672,0.172432,0.008321
9,33,1,0.194803,0.396627,0.19481,0.012949,0.194809,0.006002
20,33,1,0.182751,0.434007,0.182745,0.012493,0.182746,0.005258
23,33,1,0.182715,0.433907,0.182711,0.012626,0.182712,0.005329
26,33,1,0.182722,0.433692,0.182719,0.012716,0.182719,0.005433
31,33,1,0.182904,0.43306,0.182903,0.012873,0.182903,0.005356
32,33,1,0.182969,0.432975,0.182968,0.012752,0.182969,0.005367
35,33,1,0.182839,0.433656,0.182839,0.012665,0.182839,0.005161
39,33,1,0.183177,0.432613,0.183177,0.012733,0.183177,0.005124
38,34,1,0.206424,0.346583,0.206425,0.020578,0.206425,0.013566
42,34,1,0.206779,0.345389,0.206779,0.020645,0.206779,0.013629
